{
  "videoOffset": {
    "x": -15,
    "y": 36
  },
  "videoScale": 0.39999999999999963,
  "lowerOffset": {
    "x": 0,
    "y": 490
  },
  "imageScale": 1.5500000000000005
}