{
  "videoOffset": {
    "x": 0,
    "y": 0
  },
  "videoScale": 0.6499999999999997,
  "lowerOffset": {
    "x": -10,
    "y": -90
  },
  "imageScale": 1.3500000000000003
}